id,country,question
1,Italy,Quale Paese ha Roma come capitale?
2,France,Quale Paese ha Parigi come capitale?
3,Spain,Quale Paese ha Madrid come capitale?
4,Portugal,Quale Paese ha Lisbona come capitale?
5,Germany,Quale Paese ha Berlino come capitale?
6,Poland,Quale Paese ha Varsavia come capitale?
7,Austria,Quale Paese ha Vienna come capitale?
8,Switzerland,Quale Paese ospita la citta di Zurigo?
9,Greece,Quale Paese ha Atene come capitale?
10,Turkey,Quale Paese ha Ankara come capitale?
11,Egypt,Quale Paese ospita le piramidi di Giza?
12,Morocco,Quale Paese ha Rabat come capitale?
13,Brazil,Quale Paese ha Brasilia come capitale?
14,Argentina,Quale Paese ha Buenos Aires come capitale?
15,United States of America,Quale Paese ha Washington come capitale federale?
16,Canada,Quale Paese ha Ottawa come capitale?
17,Japan,Quale Paese ha Tokyo come capitale?
18,India,Quale Paese ha Nuova Delhi come capitale?
19,Australia,Quale Paese ha come primo ministro Anthony Albanese?
20,South Africa,Quale Paese ha Pretoria tra le sue capitali?
