id;country;question
1;Italy;"Quale Paese è conosciuto nel mondo come il ""Bel Paese"" e ospita il maggior numero di siti UNESCO?"
2;France;In quale nazione si possono ammirare la Torre Eiffel e i capolavori del Museo del Louvre?
3;Spain;Quale Paese è la patria del flamenco, della paella e delle opere architettoniche di Gaudì?
4;Portugal;Quale Stato è famoso per la musica Fado, il vino Porto e le piastrelle colorate chiamate azulejos?
5;Germany;In quale Paese è nato il festival dell'Oktoberfest ed è celebre per la sua ingegneria automobilistica?
6;Poland;Quale nazione ha dato i natali a Niccolò Copernico e al compositore Fryderyk Chopin?
7;Austria;Quale Paese è celebre per i suoi paesaggi alpini, i valzer di Vienna e la torta Sacher?
8;Switzerland;Quale nazione è rinomata in tutto il mondo per i suoi orologi di precisione, il cioccolato e la neutralità politica?
9;Greece;Quale Paese è considerato la culla della democrazia, della filosofia occidentale e dei Giochi Olimpici?
10;Turkey;In quale nazione si trova l'antica cittá di Istanbul, che funge da ponte tra il continente europeo e quello asiatico?
11;Egypt;Quale Paese è indissolubilmente legato alla storia dei faraoni e al corso del fiume Nilo?
12;Morocco;Quale nazione è famosa per le sue cittá imperiali, i mercati speziati (suq) e le vette dell'Atlante?
13;Brazil;In quale Paese si svolge il Carnevale più grande del mondo e scorre gran parte del Rio delle Amazzoni?
14;Argentina;Quale Stato è la patria del tango, della pampa e della leggenda del calcio Diego Armando Maradona?
15;United States of America;Quale nazione ospita il Grand Canyon, l'industria cinematografica di Hollywood e la statua della Libertà?
16;Canada;Quale Paese ha la foglia d'acero sulla bandiera ed è il principale produttore mondiale di sciroppo d'acero?
17;Japan;In quale nazione si fondono antiche tradizioni di samurai e geishe con la tecnologia più futuristica?
18;India;Quale Paese è la terra d'origine dello yoga, delle spezie e del maestoso mausoleo Taj Mahal?
19;Australia;Quale nazione-continente è la patria dei canguri, dei koala e della spettacolare Grande Barriera Corallina?
20;South Africa;"Quale Stato è soprannominato ""Rainbow Nation"" (Nazione Arcobaleno) per la sua varietà culturale e ha avuto Nelson Mandela come leader?"
21;Russia;Quale Paese è il più esteso del mondo, con una storia che spazia dagli zar alla Guerra Fredda e oltre?
22;China;In quale nazione si trova la Grande Muraglia, la Città Proibita e la più grande popolazione del mondo?
23;Mexico;Quale Paese è famoso per le sue antiche civiltà come i Maya e gli Aztechi, e per la sua cucina piccante e colorata?
24;Indonesia;Quale nazione è composta da oltre 17.000 isole e ospita la più grande foresta pluviale del mondo, il Borneo?
25;Saudi Arabia;Quale Paese è il luogo di nascita dell'Islam, ospita le città sante di Mecca e Medina, ed è noto per i suoi vasti deserti e le ricchezze petrolifere?
26;Netherlands;Quale nazione è famosa per i suoi mulini a vento, i tulipani e le biciclette?
27;Belgium;Quale Paese è rinomato per il cioccolato, la birra e le patatine fritte, e ospita la sede dell'Unione Europea a Bruxelles?
28;Sweden;Quale nazione è conosciuta per il design minimalista, le foreste incontaminate e le aziende globali come IKEA e Volvo?
29;Norway;Quale Paese è famoso per i suoi fiordi spettacolari, le aurore boreali e la tradizione vichinga?
30;Denmark;Quale nazione è la patria di Hans Christian Andersen, dei castelli fiabeschi e del design scandinavo? 
31;Finland;Quale Paese è noto per le sue migliaia di laghi, la sauna e il fenomeno naturale delle aurore boreali?
32;Ireland;Quale nazione è famosa per i suoi paesaggi verdi, la musica tradizionale e le leggende di folletti e leprechaun?
33;Czechia;Quale Paese è celebre per la sua architettura gotica, i castelli fiabeschi e la birra Pilsner?
34;Hungary;Quale nazione è rinomata per le sue terme, lasua cucina speziata e la città di Budapest divisa dal Danubio?