id;country;ISO;Area;popolazione;superficie;PIL;PIL_pro;parita;democrazia;donne_in_parl;stampa;corruzione ;affari;lavoratori
1;Afghanistan;AFG;Asia;43844000;652864;132;168;NA;166;182;175;159;173;5 - no guarantee of rights
2;Albania;ALB;Europe;2363314;28748;108;68;36;66;51;100;81;82;3 - regular violations
3;Algeria;DZA;Africa;47400000;2381741;50;96;141;109;167;80;99;157;5 - no guarantee of rights
4;Angola;AGO;Africa;36604681;1246700;71;126;117;106;25;164;110;177;4 - systematic violations
5;Argentina;ARG;Americas;46387098;2780400;25;65;37;55;27;87;94;126;4 - systematic violations
6;Armenia;ARM;Asia;3076200;29743;113;76;59;82;34;34;57;47;3 - regular violations
7;Australia;AUS;Asia;27724744;7741220;14;14;13;11;10;29;12;14;2 - repeated violations
8;Austria;AUT;Europe;9219113;83878;27;16;56;19;46;22;21;27;1 - sporadic violations
9;Azerbaijan;AZE;Asia;10259701;86600;82;83;100;126;118;167;120;34;NA
10;Bahrain;BHR;Asia;1594654;778;96;43;104;137;121;125;49;43;5 - no guarantee of rights
11;Bangladesh;BGD;Asia;169828911;148460;32;122;24;100;179;18;140;168;5 - no guarantee of rights
12;Belarus;BLR;Europe;9109280;207600;79;73;54;151;52;92;114;49;5 - no guarantee of rights
13;Belgium;BEL;Europe;11928465;30528;22;17;27;34;28;105;22;46;3 - regular violations
14;Belize;BLZ;Americas;417634;22965;162;81;89;NA;154;149;95;135;3 - regular violations
15;Benin;BEN;Africa;13224860;114763;117;138;113;99;94;70;62;149;4 - systematic violations
16;Bhutan;BTN;Asia;784043;38394;161;106;119;79;174;157;18;89;NA
17;Bolivia;BOL;Americas;11365333;1098581;90;110;48;103;5;86;126;150;3 - regular violations
18;Bosnia and Herzegovina;BIH;Europe;3412000;51209;105;72;73;87;128;166;100;90;3 - regular violations
19;Botswana;BWA;Africa;2359609;582000;130;85;60;35;165;47;35;87;4 - systematic violations
20;Brazil;BRA;Americas;213421037;8510346;11;71;72;57;137;93;97;124;4 - systematic violations
21;Brunei;BRN;Asia;455500;5765;140;37;107;NA;156;63;31;66;NA
22;Bulgaria;BGR;Europe;6437360;110879;61;51;83;61;98;97;74;61;3 - regular violations
23;Burkina Faso;BFA;Africa;24070553;274200;111;146;120;136;130;152;75;151;4 - systematic violations
24;Burundi;BDI;Africa;12332788;27834;152;167;44;143;32;81;157;166;5 - no guarantee of rights
25;Cambodia;KHM;Asia;17577760;181035;94;123;106;122;150;72;153;144;5 - no guarantee of rights
26;Cameroon;CMR;Africa;29442327;475650;86;133;93;135;52;21;132;167;4 - systematic violations
27;Canada;CAN;Americas;41472081;9984670;10;22;32;14;75;9;16;23;3 - regular violations
28;Cape Verde;CPV;Africa;491233;4033;163;95;30;38;12;69;31;137;NA
29;Central Africa Republic;CAF;Africa;6470307;622984;164;188;NA;163;156;178;141;184;5 - no guarantee of rights
30;Chad;TCD;Africa;19340757;1284000;123;148;146;157;54;64;147;182;4 - systematic violations
31;Chile;CHL;Americas;20206953;756102;44;58;22;29;50;131;29;59;3 - regular violations
32;China;CHN;Asia;1404890000;9596960;2;74;103;144;90;133;66;31;5 - no guarantee of rights
33;Colombia;COL;Americas;53057212;1138910;36;79;41;60;80;71;89;67;5 - no guarantee of rights
34;Comoros;COM;Africa;944388;1861;170;136;115;124;131;115;154;160;NA
35;Costa Rica;CRI;Americas;5191824;51180;72;54;16;18;4;75;40;74;4 - systematic violations
36;Croatia;HRV;Europe;3866233;56594;68;45;64;56;58;30;56;51;2 - repeated violations
37;Cuba;CUB;Americas;9748007;109884;54;50;NA;134;2;36;76;NA;NA
38;Cyprus;CYP;Europe;983000;9251;40;29;82;40;148;165;42;54;NA
39;Czechia;CZE;Europe;10897178;78871;39;31;102;24;54;77;34;41;2 - repeated violations
40;Democratic Republic of Congo;COD;Africa;112832000;2344858;80;159;143;156;153;10;155;183;4 - systematic violations
41;Denmark;DNK;Europe;6028459;42947;35;10;14;7;17;11;1;4;1 - sporadic violations
42;Djibouti;DJI;Africa;1066809;23200;158;107;NA;131;92;168;115;112;NA
43;Dominican Republic;DOM;Americas;10771504;48670;63;67;61;52;41;6;90;115;2 - repeated violations
44;East Timor;TLS;Asia;1391221;14874;168;141;86;46;47;43;65;181;NA
45;Ecuador;ECU;Americas;18103660;283561;64;84;25;85;20;126;106;129;5 - no guarantee of rights
46;Egypt;EGY;Africa;107868296;1001450;41;115;139;127;89;94;121;114;5 - no guarantee of rights
47;El Salvador;SLV;Americas;6029976;21041;104;97;78;94;63;170;111;91;4 - systematic violations
48;Equatorial Guinea;GNQ;Africa;1668768;28051;143;80;NA;155;69;180;162;178;
49;Eritrea;ERI;Africa;3607000;117600;169;164;NA;152;181;23;167;189;5 - no guarantee of rights
50;Estonia;EST;Europe;1362954;45339;95;33;11;22;76;2;13;18;2 - repeated violations
51;eSwatini (Swaziland);SWZ;Africa;1235549;17363;157;109;46;133;120;145;144;121;5 - no guarantee of rights
52;Ethiopia;ETH;Africa;111652998;1104300;66;150;75;115;23;5;86;159;4 - systematic violations
53;Fiji;FJI;Asia;902623;18272;154;89;126;81;164;40;43;102;4 - systematic violations
54;Finland;FIN;Europe;5657608;338145;45;20;2;6;14;25;2;20;2 - repeated violations
55;France;FRA;Europe;69081996;643801;7;26;35;26;44;41;26;32;2 - repeated violations
56;Gabon;GAB;Africa;2469296;267668;124;74;91;142;113;20;125;169;3 - regular violations
57;Gambia;GMB;Africa;2422712;11295;165;156;114;98;166;114;91;155;NA
58;Georgia;GEO;Asia;3704500;69700;101;83;63;93;138;52;50;7;4 - systematic violations
59;Germany;DEU;Europe;83497147;357581;3;18;9;13;59;103;10;22;1 - sporadic violations
60;Ghana;GHA;Africa;33742380;238537;67;117;88;65;147;58;68;118;2 - repeated violations
61;Greece;GRC;Europe;10372335;131957;49;44;77;25;103;110;51;79;4 - systematic violations
62;Guatemala;GTM;Americas;18079810;108889;65;91;81;96;122;118;133;96;5 - no guarantee of rights
63;Guinea;GIN;Africa;"17521167	";245857;110;135;144;148;79;89;134;156;4 - systematic violations
64;Guinea-Bissau;GNB;Africa;1852784;36125;164;145;NA;150;181;138;151;174;4 - systematic violations
65;Guyana;GUY;Americas;956044;214969;116;38;31;69;45;73;77;134;NA
66;Haiti;HTI;Americas;11867032;27750;109;130;NA;130;181;140;160;179;5 - no guarantee of rights
67;Honduras;HND;Americas;9892632;112492;100;114;67;89;76;142;148;133;5 - no guarantee of rights
68;Hungary;HUN;Europe;9489000;93025;53;46;105;54;142;111;78;52;4 - systematic violations
69;Iceland;ISL;Europe;394530;103000;99;6;1;4;10;68;11;26;1 - sporadic violations
70;India;IND;Asia;1417492000;3287263;4;120;131;41;149;127;82;63;5 - no guarantee of rights
71;Indonesia;IDN;Asia;288315089;1904569;17;99;97;59;109;151;101;73;5 - no guarantee of rights
72;Iran;IRN;Asia;86563000;1648195;42;112;145;153;172;7;145;127;5 - no guarantee of rights
73;Iraq;IRQ;Asia;46118793;438317;52;98;NA;125;95;176;127;172;5 - no guarantee of rights
74;Ireland;IRL;Europe;5458600;70273;23;4;10;8;98;155;15;24;1 - sporadic violations
75;Israel;ISR;Asia;"10196700	";21937;26;17;76;31;93;17;32;35;4 - systematic violations
76;Italy;ITA;Europe;58956726;302068;8;28;85;37;57;112;45;58;2 - repeated violations
77;Ivory Coast;CIV;Africa;31719275;322462;70;116;127;104;152;49;67;110;3 - regular violations
78;Jamaica;JAM;Americas;2774538;10991;122;78;38;49;72;26;64;71;3 - regular violations
79;Japan;JPN;Asia;122850000;377915;5;34;118;16;144;147;19;29;2 - repeated violations
80;Jordan;JOR;Asia;11937000;89318;89;103;122;114;126;66;52;75;5 - no guarantee of rights
81;Kazakhstan;KAZ;Asia;20518005;2724910;48;62;92;117;136;141;87;25;5 - no guarantee of rights
82;Kenya;KEN;Africa;53330978;580367;62;127;98;88;107;117;122;56;4 - systematic violations
83;Kosovo;XKX;Europe;1585566;10887;144;77;NA;NA;NA;144;69;57;NA
84;Kuwait;KWT;Asia;4881254;17818;59;40;128;129;182;161;58;83;5 - no guarantee of rights
85;Kyrgyzstan;KGZ;Asia;7281800;199949;126;124;95;110;56;61;135;NA;5 - no guarantee of rights
86;Laos;LAO;Asia;7647000;236800;134;132;96;159;76;128;102;154;5 - no guarantee of rights
87;Latvia;LVA;Europe;1823500;64594;92;47;21;33;42;150;33;19;2 - repeated violations
88;Lebanon;LBN;Asia;5490000;10452;115;100;136;108;168;132;146;143;4 - systematic violations
89;Lesotho;LSO;Africa;2116427;30355;166;154;99;70;98;54;92;122;4 - systematic violations
90;Liberia;LBR;Africa;5248621;111369;156;155;40;80;159;137;128;175;4 - systematic violations
91;Libya;LBY;Africa;7459000;1759540;97;90;NA;139;139;12;168;186;5 - no guarantee of rights
92;Liechtenstein;LIE;Europe;41024;160;150;2;NA;NA;62;139;177;NA;NA
93;Lithuania;LTU;Europe;2885752;65286;75;35;19;36;85;107;27;11;2 - repeated violations
94;Luxembourg;LUX;Europe;681973;2586;74;3;50;10;48;14;8;72;NA
95;Madagascar;MDG;Africa;31727042;587041;127;165;58;83;140;15;138;161;4 - systematic violations
96;Malawi;MWI;Africa;20734262;118484;133;162;NA;76;115;120;103;109;2 - repeated violations
97;Malaysia;MYS;Asia;34334400;330621;34;64;108;44;150;35;47;12;5 - no guarantee of rights
98;Maldives;MDV;Asia;515132;300;153;NA;138;NA;177;NA;83;147;NA
99;Mali;MLI;Africa;22395489;1240192;114;151;140;138;73;113;129;148;4 - systematic violations
100;Malta;MLT;Europe;574250;315;112;24;68;27;81;104;53;88;NA
101;Mauritania;MRT;Africa;4927532;1030700;146;125;NA;107;106;124;123;152;5 - no guarantee of rights
102;Mauritius;MUS;Africa;1241856;2096;139;66;111;20;133;42;54;13;3 - regular violations
103;Mexico;MEX;Americas;131001723;1964375;13;63;23;84;6;119;131;60;3 - regular violations
104;Moldova;MDA;Europe;2381300;33847;128;92;7;71;32;67;70;48;2 - repeated violations
105;Monaco;MCO;Europe;38423;2;148;1;NA;NA;12;169;NA;NA;NA
106;Mongolia;MNG;Asia;3544835;1564116;119;87;65;53;96;NA;116;81;NA
107;Montenegro;MNE;Europe;623327;13812;149;61;84;50;88;37;59;50;3 - regular violations
108;Morocco;MAR;Africa;36828330;446550;57;102;137;90;102;102;84;53;3 - regular violations
109;Mozambique;MOZ;Africa;34090466;799380;120;163;53;112;37;101;152;138;3 - regular violations
110;Myanmar;MMR;Asia;51375327;676578;87;149;NA;165;182;50;161;165;5 - no guarantee of rights
111;Namibia;NAM;Africa;3022401;824292;141;101;8;58;22;51;60;104;3 - regular violations
112;Nepal;NPL;Asia;29911840;147181;98;140;125;95;181;76;104;94;3 - regular violations
113;Netherlands;NLD;Europe;18131264;41865;18;11;43;9;19;88;9;42;2 - repeated violations
114;New Zealand;NZL;Asia;5342000;268838;51;25;5;2;9;28;4;1;2 - repeated violations
115;Nicaragua;NIC;Americas;6874748;130373;125;119;18;146;3;83;165;142;NA
116;Niger;NER;Africa;27522750;1267000;121;157;142;140;126;122;117;132;4 - systematic violations
117;Nigeria;NGA;Africa;223800000;923768;46;144;124;105;175;172;136;131;5 - no guarantee of rights
118;North Korea;PRK;Asia;25950000;120538;137;166;NA;164;118;3;163;NA;NA
119;North Macedonia;MKD;Europe;1822612;25713;129;69;90;62;35;1;79;17;4 - systematic violations
120;Norway;NOR;Europe;5627400;386224;30;8;3;1;21;90;5;9;1 - sporadic violations
121;Oman ;OMN;Asia;5359557;309500;73;55;134;119;181;16;48;68;3 - regular violations
122;Pakistan;PAK;Asia;241499431;882363;40;139;148;123;111;134;130;108;5 - no guarantee of rights
123;Palestine;PSE;Asia;5483450;6020;146;131;NA;111;NA;158;NA;NA;5 - no guarantee of rights
124;Panama;PAN;Americas;4064780;75320;77;53;51;47;111;53;107;86;4 - systematic violations
125;Papua New Guinea;PNG;Asia;10185363;462840;107;128;133;73;178;130;137;120;NA
126;Paraguay;PRY;Americas;6109644;406752;93;86;87;75;104;116;142;125;3 - regular violations
127;Peru;PER;Americas;34350244;1285216;47;75;57;78;24;78;124;76;4 - systematic violations
128;Philippines;PHL;Asia;114123600;300000;31;108;20;51;86;31;112;95;5 - no guarantee of rights
129;Poland;POL;Europe;37332000;312685;20;42;45;39;65;179;46;40;3 - regular violations
130;Portugal;PRT;Europe;10749635;156597;43;39;34;23;43;8;41;39;2 - repeated violations
131;Qatar;QAT;Asia;3214609;11586;55;13;NA;116;169;84;36;77;5 - no guarantee of rights
132;Republic of Congo;COG;Africa;6142180;342000;138;129;NA;128;144;163;143;180;3 - regular violations
133;Romania;ROU;Europe;19036031;238398;37;49;94;72;108;79;63;55;3 - regular violations
134;Russia;RUS;Asia;146028325;17098246;9;60;NA;149;133;55;149;28;5 - no guarantee of rights
135;Rwanda;RWA;Africa;14104969;26338;142;152;39;113;1;171;37;38;3 - regular violations
136;Samoa;WSM;Asia;205557;2842;171;93;NA;NA;162;146;NA;98;NA
137;Saudi Arabia;SAU;Africa;35300280;2149690;19;36;132;147;123;162;39;62;5 - no guarantee of rights
138;Senegal;SEN;Africa;18593258;196712;102;134;116;74;26;156;61;123;4 - systematic violations
139;Serbia;SRB;Europe;6567783;88499;69;59;26;64;38;74;108;44;4 - systematic violations
140;Seychelles;SYC;Africa;122729;457;167;52;NA;NA;90;123;24;100;NA
141;Sierra Leone;SLE;Africa;9077691;72300;151;153;112;101;87;56;105;163;4 - systematic violations
142;Singapore;SGP;Asia;6110200;745;26;7;47;68;61;135;3;2;2 - repeated violations
143;Slovakia;SVK;Europe;5413191;49035;58;41;70;42;110;136;55;45;2 - repeated violations
144;Slovenia;SVN;Europe;2133852;20273;81;30;29;30;38;96;38;37;NA
145;Somalia;SOM;Africa;19655000;637657;145;160;NA;NA;129;109;171;190;5 - no guarantee of rights
146;South Africa;ZAF;Africa;63100945;1219090;38;92;33;43;15;32;71;84;3 - regular violations
147;South Korea;KOR;Asia;51111158;100432;15;32;101;32;135;38;30;5;5 - no guarantee of rights
148;South Sudan;SSD;Africa;15786898;644329;155;170;NA;NA;60;33;172;185;5 - no guarantee of rights
149;Spain;ESP;Europe;49570725;505370;12;29;12;21;18;4;44;30;2 - repeated violations
150;Sri Lanka;LKA;Asia;21781800;67240;76;111;130;67;162;98;98;99;4 - systematic violations
151;Sudan;SDN;Africa;51662000;1878000;103;161;147;161;182;45;166;171;5 - no guarantee of rights
152;Suriname;SUR;Americas;616500;163820;159;88;52;48;66;177;88;162;NA
153;Sweden;SWE;Europe;"10604464	";450295;24;15;6;3;16;108;6;10;1 - sporadic violations
154;Switzerland;CHE;Europe;9104063;41291;21;5;17;5;31;121;7;36;3 - regular violations
155;Syria;SYR;Asia;25620427;185180;135;158;NA;162;172;85;164;176;5 - no guarantee of rights
156;Taiwan;TWN;Asia;10499000;35980;21;30;NA;12;NA;153;25;15;2 - repeated violations
157;Tajikistan;TJK;Asia;10499000;144100;131;137;129;158;82;174;156;106;NA
158;Tanzania;TZA;Africa;68153004;947303;78;165;55;86;39;39;80;141;4 - systematic violations
159;Thailand;THA;Asia;65826149;513120;29;82;66;63;125;46;109;21;5 - no guarantee of rights
160;Togo;TGO;Africa;8095498;56785;147;147;121;120;113;19;113;97;3 - regular violations
161;Tonga;TON;Asia;100179;747;172;94;NA;NA;176;129;NA;103;NA
162;Trinidad and Tobago;TTO;Americas;1367764;5127;118;56;28;45;104;159;72;105;4 - systematic violations
163;Tunisia;TUN;Africa;11972169;163610;88;105;123;92;141;24;85;78;5 - no guarantee of rights
164;Turkey;TUR;Asia;86092168;783562;16;57;135;102;123;95;118;33;5 - no guarantee of rights
165;Turkmenistan;TKM;Asia;7057841;488100;84;70;NA;160;96;143;158;NA;NA
166;Uganda;UGA;Africa;45905417;241550;85;143;80;97;181;62;139;116;4 - systematic violations
167;Ukraine;UKR;Europe;28700000;603550;56;108;62;91;117;59;96;64;5 - no guarantee of rights
168;United Arab Emirates;ARE;Asia;11294243;83600;28;23;69;118;7;57;23;16;5 - no guarantee of rights
169;United Kingdom;GBR;Europe;"69487000	";244376;6;19;4;17;29;148;20;8;4 - systematic violations
170;United States;USA;Americas;341784857;9525067;1;9;42;28;84;160;28;6;4 - systematic violations
171;Uruguay;URY;Americas;3485931;176215;78;48;71;15;71;173;17;101;2 - repeated violations
172;Uzbekistan;UZB;Asia;38236704;447400;60;113;110;145;35;44;119;69;NA
173;Venezuela;VEN;Americas;28517000;912050;83;121;NA;141;181;99;170;188;5 - no guarantee of rights
174;Vietnam;VNM;Asia;102300000;331340;33;104;74;132;64;154;73;70;4 - systematic violations
175;Yemen;YEM;Asia;32684503;455503;136;169;NA;154;181;27;169;187;5 - no guarantee of rights
176;Zambia;ZMB;Africa;19693423;752612;106;142;79;77;143;82;93;85;4 - systematic violations
177;Zimbabwe;ZWE;Africa;17073087;390757;91;118;49;121;73;106;150;140;5 - no guarantee of rights
